{
  "closed": {
    "n": 251,
    "exact_match": 0.5657370517928287,
    "ci95": {
      "point": 0.5657370517928287,
      "lower": 0.5059760956175299,
      "upper": 0.6254980079681275,
      "se": 0.0310326141057608
    }
  },
  "open": {
    "n": 200,
    "bleu1": 0.17724118604006886,
    "rougeL": 0.2008333333333333,
    "f1": 0.2008333333333333,
    "ci95_f1": {
      "point": 0.2008333333333333,
      "lower": 0.15082916666666668,
      "upper": 0.254,
      "se": 0.02609018317222477
    }
  },
  "overall": {
    "n": 451,
    "exact_match": 0.37915742793791574,
    "ci95": {
      "point": 0.37915742793791574,
      "lower": 0.3348115299334812,
      "upper": 0.42572062084257206,
      "se": 0.02303363895176698
    }
  },
  "meta": {
    "model_id": "Qwen/Qwen2-VL-2B-Instruct",
    "split": "test",
    "n_examples": 451,
    "inference_seconds": 681.8,
    "device": "cuda:0",
    "peak_gpu_memory_gb": 5.967,
    "trainable_params": 0,
    "seed": 42
  }
}